{
  "gpt2":{
    "goodP": 0.5464071856287425,
    "goodR": 0.6228668941979523,
    "goodF05": 0.560159607120933,
    "badP": 0.5615079365079365,
    "badR": 0.48293515358361777,
    "badF05": 0.5438124519600307
  },
  "gpt2-medium":{
    "goodP": 0.543026706231454,
    "goodR": 0.6245733788395904,
    "goodF05": 0.5575868372943327,
    "badP": 0.5582329317269076,
    "badR": 0.47440273037542663,
    "badF05": 0.5391776570985258
  },
  "gpt2-large":{
    "goodP": 0.5492537313432836,
    "goodR": 0.6279863481228669,
    "goodF05": 0.5633802816901409,
    "badP": 0.5657370517928287,
    "badR": 0.48464163822525597,
    "badF05": 0.5474171164225136
  },
  "facebook/bart-large":{
    "goodP": 0.5101721439749609,
    "goodR": 0.5563139931740614,
    "goodF05": 0.5187778485041374,
    "badP": 0.5121951219512195,
    "badR": 0.4658703071672355,
    "badF05": 0.5022075055187638
  },
  "facebook/bart-base":{
    "goodP": 0.5015105740181269,
    "goodR": 0.5665529010238908,
    "goodF05": 0.5132962275819418,
    "badP": 0.5019607843137255,
    "badR": 0.43686006825938567,
    "badF05": 0.4874333587204874
  },
  "xlnet-large-cased":{
    "goodP": 0.4992526158445441,
    "goodR": 0.5699658703071673,
    "goodF05": 0.5119558553034947,
    "badP": 0.4990059642147117,
    "badR": 0.4283276450511945,
    "badF05": 0.4830638953040801
  },
  "EleutherAI/gpt-neo-125M":{
    "goodP": 0.5384615384615384,
    "goodR": 0.621160409556314,
    "goodF05": 0.5531914893617021,
    "badP": 0.5524193548387096,
    "badR": 0.46757679180887374,
    "badF05": 0.5330739299610895
  }
}