{
  "goodP": 0.5007363770250368,
  "goodR": 0.5802047781569966,
  "goodF05": 0.514839491217444,
  "badP": 0.5010141987829615,
  "badR": 0.42150170648464164,
  "badF05": 0.4827990617670055
}