{
  "goodP": 0.545727136431784,
  "goodR": 0.621160409556314,
  "goodF05": 0.5593116164720344,
  "badP": 0.5603960396039604,
  "badR": 0.48293515358361777,
  "badF05": 0.5429777436684575
}