{
  "goodP": 0.5464071856287425,
  "goodR": 0.6228668941979523,
  "goodF05": 0.560159607120933,
  "badP": 0.5615079365079365,
  "badR": 0.48293515358361777,
  "badF05": 0.5438124519600307
}