{
  "goodP": 0.5434131736526946,
  "goodR": 0.6194539249146758,
  "goodF05": 0.5570902394106814,
  "badP": 0.5575396825396826,
  "badR": 0.47952218430034127,
  "badF05": 0.5399692544196771
}