{
  "goodP": 0.6814024390243902,
  "goodR": 0.7627986348122867,
  "goodF05": 0.6962616822429907,
  "badP": 0.7306201550387597,
  "badR": 0.643344709897611,
  "badF05": 0.7113207547169812
}