{
  "goodP": 0.6752,
  "goodR": 0.7201365187713311,
  "goodF05": 0.6837329876863254,
  "badP": 0.70018281535649,
  "badR": 0.6535836177474402,
  "badF05": 0.6903388608507569
}