{
  "goodP": 0.6752655538694993,
  "goodR": 0.7593856655290102,
  "goodF05": 0.6905648665425203,
  "badP": 0.7251461988304093,
  "badR": 0.6348122866894198,
  "badF05": 0.7050796057619408
}