{
  "goodP": 0.6801292407108239,
  "goodR": 0.7184300341296929,
  "goodF05": 0.6874591770084912,
  "badP": 0.701627486437613,
  "badR": 0.6621160409556314,
  "badF05": 0.6933523945675483
}