{
  "gpt2":{
    "goodP": 0.6860643185298622,
    "goodR": 0.764505119453925,
    "goodF05": 0.7004377736085053,
    "badP": 0.7341040462427746,
    "badR": 0.6501706484641638,
    "badF05": 0.7156273478587528
  },
  "gpt2-medium":{
    "goodP": 0.6604046242774566,
    "goodR": 0.7798634812286689,
    "goodF05": 0.6812760882528325,
    "badP": 0.73125,
    "badR": 0.5989761092150171,
    "badF05": 0.7003192338387869
  },
  "gpt2-large":{
    "goodP": 0.6518624641833811,
    "goodR": 0.7764505119453925,
    "goodF05": 0.6734754292480759,
    "badP": 0.7236286919831224,
    "badR": 0.5853242320819113,
    "badF05": 0.6909750201450443
  },
  "facebook/bart-large":{
    "goodP": 0.5,
    "goodR": 0.008532423208191127,
    "goodF05": 0.03993610223642173,
    "badP": 0.5,
    "badR": 0.9914675767918089,
    "badF05": 0.5550248376003057
  },
  "facebook/bart-base": {
    "goodP": 0.625,
    "goodR": 0.008532423208191127,
    "goodF05": 0.04045307443365696,
    "badP": 0.5008591065292096,
    "badR": 0.9948805460750854,
    "badF05": 0.5560854635635254
  },
  "xlnet-large-cased": {
    "goodP": 0.5,
    "goodR": 0.005119453924914676,
    "goodF05": 0.02459016393442623,
    "badP": 0.5,
    "badR": 0.9948805460750854,
    "badF05": 0.5552380952380953
  },
  "EleutherAI/gpt-neo-125M":{
    "goodP": 0.6731078904991948,
    "goodR": 0.7133105802047781,
    "goodF05": 0.6807817589576547,
    "badP": 0.6950998185117967,
    "badR": 0.6535836177474402,
    "badF05": 0.6863799283154123
  }
}